experiment,config_fingerprint,track,trial,snr_db,rsr_db,N,K,P,modulation,algorithm,metric,value,error_energy,true_energy,expected_symbol_energy,bit_errors,bit_count,status,error_type,error_message,master_seed,sigma2,alpha_b_abs,max_iter
cui_fig5_smoke,c0e9dc88d0cfa56fdb0f949681a1078c11cb4a9f098a448ff22e44596c40dd7d,A,0,-5,12,36,3,1,16-QAM,biased_gs,detection_nmse,1.0934133912408777,3.2802401737226328,,3,,,ok,,,20260818,9.4868329805051381,3.9810717055349718,50
cui_fig5_smoke,c0e9dc88d0cfa56fdb0f949681a1078c11cb4a9f098a448ff22e44596c40dd7d,A,0,-5,12,36,3,1,16-QAM,em_gs,detection_nmse,0.55012683823612984,1.6503805147083894,,3,,,ok,,,20260818,9.4868329805051381,3.9810717055349718,50
cui_fig5_smoke,c0e9dc88d0cfa56fdb0f949681a1078c11cb4a9f098a448ff22e44596c40dd7d,A,0,-5,12,36,3,1,16-QAM,genie_zf,detection_nmse,0.19183286173080882,0.57549858519242647,,3,,,ok,,,20260818,9.4868329805051381,3.9810717055349718,50
cui_fig5_smoke,c0e9dc88d0cfa56fdb0f949681a1078c11cb4a9f098a448ff22e44596c40dd7d,A,0,-5,12,36,3,1,16-QAM,cui_crlb,detection_nmse,0.74676691882880941,2.2403007564864281,,3,,,ok,,,20260818,9.4868329805051381,3.9810717055349718,50
cui_fig5_smoke,c0e9dc88d0cfa56fdb0f949681a1078c11cb4a9f098a448ff22e44596c40dd7d,A,0,0,12,36,3,1,16-QAM,biased_gs,detection_nmse,0.51234015285040024,1.5370204585512008,,3,,,ok,,,20260818,3,3.9810717055349718,50
cui_fig5_smoke,c0e9dc88d0cfa56fdb0f949681a1078c11cb4a9f098a448ff22e44596c40dd7d,A,0,0,12,36,3,1,16-QAM,em_gs,detection_nmse,0.37050469408076925,1.1115140822423077,,3,,,ok,,,20260818,3,3.9810717055349718,50
cui_fig5_smoke,c0e9dc88d0cfa56fdb0f949681a1078c11cb4a9f098a448ff22e44596c40dd7d,A,0,0,12,36,3,1,16-QAM,genie_zf,detection_nmse,0.10337878881284424,0.31013636643853271,,3,,,ok,,,20260818,3,3.9810717055349718,50
cui_fig5_smoke,c0e9dc88d0cfa56fdb0f949681a1078c11cb4a9f098a448ff22e44596c40dd7d,A,0,0,12,36,3,1,16-QAM,cui_crlb,detection_nmse,0.19821550409459154,0.59464651228377463,,3,,,ok,,,20260818,3,3.9810717055349718,50
cui_fig5_smoke,c0e9dc88d0cfa56fdb0f949681a1078c11cb4a9f098a448ff22e44596c40dd7d,A,0,6,12,36,3,1,16-QAM,biased_gs,detection_nmse,0.10674073963370097,0.32022221890110292,,3,,,ok,,,20260818,0.75356592945287404,3.9810717055349736,50
cui_fig5_smoke,c0e9dc88d0cfa56fdb0f949681a1078c11cb4a9f098a448ff22e44596c40dd7d,A,0,6,12,36,3,1,16-QAM,em_gs,detection_nmse,0.098413368391237779,0.29524010517371335,,3,,,ok,,,20260818,0.75356592945287404,3.9810717055349736,50
cui_fig5_smoke,c0e9dc88d0cfa56fdb0f949681a1078c11cb4a9f098a448ff22e44596c40dd7d,A,0,6,12,36,3,1,16-QAM,genie_zf,detection_nmse,0.023524097691449985,0.070572293074349951,,3,,,ok,,,20260818,0.75356592945287404,3.9810717055349736,50
cui_fig5_smoke,c0e9dc88d0cfa56fdb0f949681a1078c11cb4a9f098a448ff22e44596c40dd7d,A,0,6,12,36,3,1,16-QAM,cui_crlb,detection_nmse,0.046062927270120131,0.1381887818103604,,3,,,ok,,,20260818,0.75356592945287404,3.9810717055349736,50
cui_fig5_smoke,c0e9dc88d0cfa56fdb0f949681a1078c11cb4a9f098a448ff22e44596c40dd7d,A,0,12,12,36,3,1,16-QAM,biased_gs,detection_nmse,0.012292082886514047,0.036876248659542143,,3,,,ok,,,20260818,0.18928720334405799,3.9810717055349727,50
cui_fig5_smoke,c0e9dc88d0cfa56fdb0f949681a1078c11cb4a9f098a448ff22e44596c40dd7d,A,0,12,12,36,3,1,16-QAM,em_gs,detection_nmse,0.010648513307672533,0.031945539923017602,,3,,,ok,,,20260818,0.18928720334405799,3.9810717055349727,50
cui_fig5_smoke,c0e9dc88d0cfa56fdb0f949681a1078c11cb4a9f098a448ff22e44596c40dd7d,A,0,12,12,36,3,1,16-QAM,genie_zf,detection_nmse,0.0049709936631216331,0.014912980989364898,,3,,,ok,,,20260818,0.18928720334405799,3.9810717055349727,50
cui_fig5_smoke,c0e9dc88d0cfa56fdb0f949681a1078c11cb4a9f098a448ff22e44596c40dd7d,A,0,12,12,36,3,1,16-QAM,cui_crlb,detection_nmse,0.011385435715661011,0.034156307146983034,,3,,,ok,,,20260818,0.18928720334405799,3.9810717055349727,50
cui_fig5_smoke,c0e9dc88d0cfa56fdb0f949681a1078c11cb4a9f098a448ff22e44596c40dd7d,A,1,-5,12,36,3,1,16-QAM,biased_gs,detection_nmse,2.923757660086165,8.7712729802584946,,3,,,ok,,,20260818,9.4868329805051381,3.9810717055349722,50
cui_fig5_smoke,c0e9dc88d0cfa56fdb0f949681a1078c11cb4a9f098a448ff22e44596c40dd7d,A,1,-5,12,36,3,1,16-QAM,em_gs,detection_nmse,1.3695052431104513,4.1085157293313541,,3,,,ok,,,20260818,9.4868329805051381,3.9810717055349722,50
cui_fig5_smoke,c0e9dc88d0cfa56fdb0f949681a1078c11cb4a9f098a448ff22e44596c40dd7d,A,1,-5,12,36,3,1,16-QAM,genie_zf,detection_nmse,0.61231475581306605,1.8369442674391983,,3,,,ok,,,20260818,9.4868329805051381,3.9810717055349722,50
cui_fig5_smoke,c0e9dc88d0cfa56fdb0f949681a1078c11cb4a9f098a448ff22e44596c40dd7d,A,1,-5,12,36,3,1,16-QAM,cui_crlb,detection_nmse,0.77382417843963924,2.3214725353189176,,3,,,ok,,,20260818,9.4868329805051381,3.9810717055349722,50
cui_fig5_smoke,c0e9dc88d0cfa56fdb0f949681a1078c11cb4a9f098a448ff22e44596c40dd7d,A,1,0,12,36,3,1,16-QAM,biased_gs,detection_nmse,0.27907055474345788,0.83721166423037363,,3,,,ok,,,20260818,3,3.9810717055349727,50
cui_fig5_smoke,c0e9dc88d0cfa56fdb0f949681a1078c11cb4a9f098a448ff22e44596c40dd7d,A,1,0,12,36,3,1,16-QAM,em_gs,detection_nmse,0.17460970141854393,0.52382910425563178,,3,,,ok,,,20260818,3,3.9810717055349727,50
cui_fig5_smoke,c0e9dc88d0cfa56fdb0f949681a1078c11cb4a9f098a448ff22e44596c40dd7d,A,1,0,12,36,3,1,16-QAM,genie_zf,detection_nmse,0.17554177427309045,0.52662532281927132,,3,,,ok,,,20260818,3,3.9810717055349727,50
cui_fig5_smoke,c0e9dc88d0cfa56fdb0f949681a1078c11cb4a9f098a448ff22e44596c40dd7d,A,1,0,12,36,3,1,16-QAM,cui_crlb,detection_nmse,0.2001127060257141,0.60033811807714232,,3,,,ok,,,20260818,3,3.9810717055349727,50
cui_fig5_smoke,c0e9dc88d0cfa56fdb0f949681a1078c11cb4a9f098a448ff22e44596c40dd7d,A,1,6,12,36,3,1,16-QAM,biased_gs,detection_nmse,0.053653856898440398,0.16096157069532119,,3,,,ok,,,20260818,0.75356592945287404,3.9810717055349722,50
cui_fig5_smoke,c0e9dc88d0cfa56fdb0f949681a1078c11cb4a9f098a448ff22e44596c40dd7d,A,1,6,12,36,3,1,16-QAM,em_gs,detection_nmse,0.052671983443563698,0.1580159503306911,,3,,,ok,,,20260818,0.75356592945287404,3.9810717055349722,50
cui_fig5_smoke,c0e9dc88d0cfa56fdb0f949681a1078c11cb4a9f098a448ff22e44596c40dd7d,A,1,6,12,36,3,1,16-QAM,genie_zf,detection_nmse,0.038336703833602333,0.11501011150080699,,3,,,ok,,,20260818,0.75356592945287404,3.9810717055349722,50
cui_fig5_smoke,c0e9dc88d0cfa56fdb0f949681a1078c11cb4a9f098a448ff22e44596c40dd7d,A,1,6,12,36,3,1,16-QAM,cui_crlb,detection_nmse,0.043602612606166762,0.13080783781850028,,3,,,ok,,,20260818,0.75356592945287404,3.9810717055349722,50
cui_fig5_smoke,c0e9dc88d0cfa56fdb0f949681a1078c11cb4a9f098a448ff22e44596c40dd7d,A,1,12,12,36,3,1,16-QAM,biased_gs,detection_nmse,0.014488275752488471,0.043464827257465415,,3,,,ok,,,20260818,0.18928720334405799,3.9810717055349722,50
cui_fig5_smoke,c0e9dc88d0cfa56fdb0f949681a1078c11cb4a9f098a448ff22e44596c40dd7d,A,1,12,12,36,3,1,16-QAM,em_gs,detection_nmse,0.015002389052223087,0.045007167156669262,,3,,,ok,,,20260818,0.18928720334405799,3.9810717055349722,50
cui_fig5_smoke,c0e9dc88d0cfa56fdb0f949681a1078c11cb4a9f098a448ff22e44596c40dd7d,A,1,12,12,36,3,1,16-QAM,genie_zf,detection_nmse,0.0041999599205290042,0.012599879761587014,,3,,,ok,,,20260818,0.18928720334405799,3.9810717055349722,50
cui_fig5_smoke,c0e9dc88d0cfa56fdb0f949681a1078c11cb4a9f098a448ff22e44596c40dd7d,A,1,12,12,36,3,1,16-QAM,cui_crlb,detection_nmse,0.010977764280831782,0.032933292842495347,,3,,,ok,,,20260818,0.18928720334405799,3.9810717055349722,50
cui_fig5_smoke,c0e9dc88d0cfa56fdb0f949681a1078c11cb4a9f098a448ff22e44596c40dd7d,A,2,-5,12,36,3,1,16-QAM,biased_gs,detection_nmse,2.4259551066303966,7.2778653198911902,,3,,,ok,,,20260818,9.4868329805051381,3.9810717055349722,50
cui_fig5_smoke,c0e9dc88d0cfa56fdb0f949681a1078c11cb4a9f098a448ff22e44596c40dd7d,A,2,-5,12,36,3,1,16-QAM,em_gs,detection_nmse,1.4350494601933101,4.3051483805799302,,3,,,ok,,,20260818,9.4868329805051381,3.9810717055349722,50
cui_fig5_smoke,c0e9dc88d0cfa56fdb0f949681a1078c11cb4a9f098a448ff22e44596c40dd7d,A,2,-5,12,36,3,1,16-QAM,genie_zf,detection_nmse,0.18447280433947003,0.5534184130184101,,3,,,ok,,,20260818,9.4868329805051381,3.9810717055349722,50
cui_fig5_smoke,c0e9dc88d0cfa56fdb0f949681a1078c11cb4a9f098a448ff22e44596c40dd7d,A,2,-5,12,36,3,1,16-QAM,cui_crlb,detection_nmse,0.7767162292438452,2.3301486877315356,,3,,,ok,,,20260818,9.4868329805051381,3.9810717055349722,50
cui_fig5_smoke,c0e9dc88d0cfa56fdb0f949681a1078c11cb4a9f098a448ff22e44596c40dd7d,A,2,0,12,36,3,1,16-QAM,biased_gs,detection_nmse,0.13360713408858754,0.40082140226576263,,3,,,ok,,,20260818,3,3.9810717055349727,50
cui_fig5_smoke,c0e9dc88d0cfa56fdb0f949681a1078c11cb4a9f098a448ff22e44596c40dd7d,A,2,0,12,36,3,1,16-QAM,em_gs,detection_nmse,0.083199169658102368,0.2495975089743071,,3,,,ok,,,20260818,3,3.9810717055349727,50
cui_fig5_smoke,c0e9dc88d0cfa56fdb0f949681a1078c11cb4a9f098a448ff22e44596c40dd7d,A,2,0,12,36,3,1,16-QAM,genie_zf,detection_nmse,0.045195730870455829,0.13558719261136748,,3,,,ok,,,20260818,3,3.9810717055349727,50
cui_fig5_smoke,c0e9dc88d0cfa56fdb0f949681a1078c11cb4a9f098a448ff22e44596c40dd7d,A,2,0,12,36,3,1,16-QAM,cui_crlb,detection_nmse,0.20349939011423057,0.61049817034269172,,3,,,ok,,,20260818,3,3.9810717055349727,50
cui_fig5_smoke,c0e9dc88d0cfa56fdb0f949681a1078c11cb4a9f098a448ff22e44596c40dd7d,A,2,6,12,36,3,1,16-QAM,biased_gs,detection_nmse,0.085429442198386177,0.25628832659515854,,3,,,ok,,,20260818,0.75356592945287404,3.9810717055349722,50
cui_fig5_smoke,c0e9dc88d0cfa56fdb0f949681a1078c11cb4a9f098a448ff22e44596c40dd7d,A,2,6,12,36,3,1,16-QAM,em_gs,detection_nmse,0.083339378879118145,0.25001813663735445,,3,,,ok,,,20260818,0.75356592945287404,3.9810717055349722,50
cui_fig5_smoke,c0e9dc88d0cfa56fdb0f949681a1078c11cb4a9f098a448ff22e44596c40dd7d,A,2,6,12,36,3,1,16-QAM,genie_zf,detection_nmse,0.016102869501952739,0.048308608505858219,,3,,,ok,,,20260818,0.75356592945287404,3.9810717055349722,50
cui_fig5_smoke,c0e9dc88d0cfa56fdb0f949681a1078c11cb4a9f098a448ff22e44596c40dd7d,A,2,6,12,36,3,1,16-QAM,cui_crlb,detection_nmse,0.045995637330921435,0.13798691199276431,,3,,,ok,,,20260818,0.75356592945287404,3.9810717055349722,50
cui_fig5_smoke,c0e9dc88d0cfa56fdb0f949681a1078c11cb4a9f098a448ff22e44596c40dd7d,A,2,12,12,36,3,1,16-QAM,biased_gs,detection_nmse,0.0089255529245785038,0.026776658773735511,,3,,,ok,,,20260818,0.18928720334405799,3.9810717055349731,50
cui_fig5_smoke,c0e9dc88d0cfa56fdb0f949681a1078c11cb4a9f098a448ff22e44596c40dd7d,A,2,12,12,36,3,1,16-QAM,em_gs,detection_nmse,0.0081503939755550852,0.024451181926665254,,3,,,ok,,,20260818,0.18928720334405799,3.9810717055349731,50
cui_fig5_smoke,c0e9dc88d0cfa56fdb0f949681a1078c11cb4a9f098a448ff22e44596c40dd7d,A,2,12,12,36,3,1,16-QAM,genie_zf,detection_nmse,0.001185238830402614,0.0035557164912078422,,3,,,ok,,,20260818,0.18928720334405799,3.9810717055349731,50
cui_fig5_smoke,c0e9dc88d0cfa56fdb0f949681a1078c11cb4a9f098a448ff22e44596c40dd7d,A,2,12,12,36,3,1,16-QAM,cui_crlb,detection_nmse,0.011163503610677437,0.033490510832032312,,3,,,ok,,,20260818,0.18928720334405799,3.9810717055349731,50
cui_fig5_smoke,c0e9dc88d0cfa56fdb0f949681a1078c11cb4a9f098a448ff22e44596c40dd7d,A,3,-5,12,36,3,1,16-QAM,biased_gs,detection_nmse,2.035364081861625,6.1060922455848745,,3,,,ok,,,20260818,9.4868329805051381,3.9810717055349722,50
cui_fig5_smoke,c0e9dc88d0cfa56fdb0f949681a1078c11cb4a9f098a448ff22e44596c40dd7d,A,3,-5,12,36,3,1,16-QAM,em_gs,detection_nmse,1.2707393824262458,3.8122181472787378,,3,,,ok,,,20260818,9.4868329805051381,3.9810717055349722,50
cui_fig5_smoke,c0e9dc88d0cfa56fdb0f949681a1078c11cb4a9f098a448ff22e44596c40dd7d,A,3,-5,12,36,3,1,16-QAM,genie_zf,detection_nmse,0.60918169635908259,1.8275450890772478,,3,,,ok,,,20260818,9.4868329805051381,3.9810717055349722,50
cui_fig5_smoke,c0e9dc88d0cfa56fdb0f949681a1078c11cb4a9f098a448ff22e44596c40dd7d,A,3,-5,12,36,3,1,16-QAM,cui_crlb,detection_nmse,0.69800215540963428,2.0940064662289029,,3,,,ok,,,20260818,9.4868329805051381,3.9810717055349722,50
cui_fig5_smoke,c0e9dc88d0cfa56fdb0f949681a1078c11cb4a9f098a448ff22e44596c40dd7d,A,3,0,12,36,3,1,16-QAM,biased_gs,detection_nmse,0.098954728588203381,0.29686418576461016,,3,,,ok,,,20260818,3,3.9810717055349727,50
cui_fig5_smoke,c0e9dc88d0cfa56fdb0f949681a1078c11cb4a9f098a448ff22e44596c40dd7d,A,3,0,12,36,3,1,16-QAM,em_gs,detection_nmse,0.087278454686141829,0.2618353640584255,,3,,,ok,,,20260818,3,3.9810717055349727,50
cui_fig5_smoke,c0e9dc88d0cfa56fdb0f949681a1078c11cb4a9f098a448ff22e44596c40dd7d,A,3,0,12,36,3,1,16-QAM,genie_zf,detection_nmse,0.023603465421653202,0.070810396264959607,,3,,,ok,,,20260818,3,3.9810717055349727,50
cui_fig5_smoke,c0e9dc88d0cfa56fdb0f949681a1078c11cb4a9f098a448ff22e44596c40dd7d,A,3,0,12,36,3,1,16-QAM,cui_crlb,detection_nmse,0.20179479944518783,0.60538439833556346,,3,,,ok,,,20260818,3,3.9810717055349727,50
cui_fig5_smoke,c0e9dc88d0cfa56fdb0f949681a1078c11cb4a9f098a448ff22e44596c40dd7d,A,3,6,12,36,3,1,16-QAM,biased_gs,detection_nmse,0.08486551711329042,0.25459655133987125,,3,,,ok,,,20260818,0.75356592945287404,3.9810717055349718,50
cui_fig5_smoke,c0e9dc88d0cfa56fdb0f949681a1078c11cb4a9f098a448ff22e44596c40dd7d,A,3,6,12,36,3,1,16-QAM,em_gs,detection_nmse,0.064504735112768233,0.19351420533830471,,3,,,ok,,,20260818,0.75356592945287404,3.9810717055349718,50
cui_fig5_smoke,c0e9dc88d0cfa56fdb0f949681a1078c11cb4a9f098a448ff22e44596c40dd7d,A,3,6,12,36,3,1,16-QAM,genie_zf,detection_nmse,0.024833664909034509,0.074500994727103531,,3,,,ok,,,20260818,0.75356592945287404,3.9810717055349718,50
cui_fig5_smoke,c0e9dc88d0cfa56fdb0f949681a1078c11cb4a9f098a448ff22e44596c40dd7d,A,3,6,12,36,3,1,16-QAM,cui_crlb,detection_nmse,0.046690213747424825,0.14007064124227447,,3,,,ok,,,20260818,0.75356592945287404,3.9810717055349718,50
cui_fig5_smoke,c0e9dc88d0cfa56fdb0f949681a1078c11cb4a9f098a448ff22e44596c40dd7d,A,3,12,12,36,3,1,16-QAM,biased_gs,detection_nmse,0.0051183667971383623,0.015355100391415086,,3,,,ok,,,20260818,0.18928720334405799,3.9810717055349727,50
cui_fig5_smoke,c0e9dc88d0cfa56fdb0f949681a1078c11cb4a9f098a448ff22e44596c40dd7d,A,3,12,12,36,3,1,16-QAM,em_gs,detection_nmse,0.0056688884879187995,0.017006665463756399,,3,,,ok,,,20260818,0.18928720334405799,3.9810717055349727,50
cui_fig5_smoke,c0e9dc88d0cfa56fdb0f949681a1078c11cb4a9f098a448ff22e44596c40dd7d,A,3,12,12,36,3,1,16-QAM,genie_zf,detection_nmse,0.0026081826799434142,0.0078245480398302421,,3,,,ok,,,20260818,0.18928720334405799,3.9810717055349727,50
cui_fig5_smoke,c0e9dc88d0cfa56fdb0f949681a1078c11cb4a9f098a448ff22e44596c40dd7d,A,3,12,12,36,3,1,16-QAM,cui_crlb,detection_nmse,0.010980246597176826,0.032940739791530477,,3,,,ok,,,20260818,0.18928720334405799,3.9810717055349727,50
cui_fig5_smoke,c0e9dc88d0cfa56fdb0f949681a1078c11cb4a9f098a448ff22e44596c40dd7d,A,4,-5,12,36,3,1,16-QAM,biased_gs,detection_nmse,0.74763632912334399,2.2429089873700319,,3,,,ok,,,20260818,9.4868329805051381,3.9810717055349727,50
cui_fig5_smoke,c0e9dc88d0cfa56fdb0f949681a1078c11cb4a9f098a448ff22e44596c40dd7d,A,4,-5,12,36,3,1,16-QAM,em_gs,detection_nmse,0.47065451404799075,1.4119635421439722,,3,,,ok,,,20260818,9.4868329805051381,3.9810717055349727,50
cui_fig5_smoke,c0e9dc88d0cfa56fdb0f949681a1078c11cb4a9f098a448ff22e44596c40dd7d,A,4,-5,12,36,3,1,16-QAM,genie_zf,detection_nmse,0.14461804634945122,0.43385413904835363,,3,,,ok,,,20260818,9.4868329805051381,3.9810717055349727,50
cui_fig5_smoke,c0e9dc88d0cfa56fdb0f949681a1078c11cb4a9f098a448ff22e44596c40dd7d,A,4,-5,12,36,3,1,16-QAM,cui_crlb,detection_nmse,0.82132698982818886,2.4639809694845667,,3,,,ok,,,20260818,9.4868329805051381,3.9810717055349727,50
cui_fig5_smoke,c0e9dc88d0cfa56fdb0f949681a1078c11cb4a9f098a448ff22e44596c40dd7d,A,4,0,12,36,3,1,16-QAM,biased_gs,detection_nmse,0.67274978082505132,2.018249342475154,,3,,,ok,,,20260818,3,3.9810717055349722,50
cui_fig5_smoke,c0e9dc88d0cfa56fdb0f949681a1078c11cb4a9f098a448ff22e44596c40dd7d,A,4,0,12,36,3,1,16-QAM,em_gs,detection_nmse,0.57456041427272375,1.7236812428181714,,3,,,ok,,,20260818,3,3.9810717055349722,50
cui_fig5_smoke,c0e9dc88d0cfa56fdb0f949681a1078c11cb4a9f098a448ff22e44596c40dd7d,A,4,0,12,36,3,1,16-QAM,genie_zf,detection_nmse,0.16240065997524256,0.48720197992572767,,3,,,ok,,,20260818,3,3.9810717055349722,50
cui_fig5_smoke,c0e9dc88d0cfa56fdb0f949681a1078c11cb4a9f098a448ff22e44596c40dd7d,A,4,0,12,36,3,1,16-QAM,cui_crlb,detection_nmse,0.19706480582053335,0.59119441746160006,,3,,,ok,,,20260818,3,3.9810717055349722,50
cui_fig5_smoke,c0e9dc88d0cfa56fdb0f949681a1078c11cb4a9f098a448ff22e44596c40dd7d,A,4,6,12,36,3,1,16-QAM,biased_gs,detection_nmse,0.025760421270928813,0.077281263812786438,,3,,,ok,,,20260818,0.75356592945287404,3.9810717055349718,50
cui_fig5_smoke,c0e9dc88d0cfa56fdb0f949681a1078c11cb4a9f098a448ff22e44596c40dd7d,A,4,6,12,36,3,1,16-QAM,em_gs,detection_nmse,0.028681919292127007,0.086045757876381024,,3,,,ok,,,20260818,0.75356592945287404,3.9810717055349718,50
cui_fig5_smoke,c0e9dc88d0cfa56fdb0f949681a1078c11cb4a9f098a448ff22e44596c40dd7d,A,4,6,12,36,3,1,16-QAM,genie_zf,detection_nmse,0.014104416688235156,0.042313250064705467,,3,,,ok,,,20260818,0.75356592945287404,3.9810717055349718,50
cui_fig5_smoke,c0e9dc88d0cfa56fdb0f949681a1078c11cb4a9f098a448ff22e44596c40dd7d,A,4,6,12,36,3,1,16-QAM,cui_crlb,detection_nmse,0.044398643659111524,0.13319593097733456,,3,,,ok,,,20260818,0.75356592945287404,3.9810717055349718,50
cui_fig5_smoke,c0e9dc88d0cfa56fdb0f949681a1078c11cb4a9f098a448ff22e44596c40dd7d,A,4,12,12,36,3,1,16-QAM,biased_gs,detection_nmse,0.012831649999131443,0.038494949997394327,,3,,,ok,,,20260818,0.18928720334405799,3.9810717055349722,50
cui_fig5_smoke,c0e9dc88d0cfa56fdb0f949681a1078c11cb4a9f098a448ff22e44596c40dd7d,A,4,12,12,36,3,1,16-QAM,em_gs,detection_nmse,0.01175897840442075,0.03527693521326225,,3,,,ok,,,20260818,0.18928720334405799,3.9810717055349722,50
cui_fig5_smoke,c0e9dc88d0cfa56fdb0f949681a1078c11cb4a9f098a448ff22e44596c40dd7d,A,4,12,12,36,3,1,16-QAM,genie_zf,detection_nmse,0.0040940276493644772,0.012282082948093432,,3,,,ok,,,20260818,0.18928720334405799,3.9810717055349722,50
cui_fig5_smoke,c0e9dc88d0cfa56fdb0f949681a1078c11cb4a9f098a448ff22e44596c40dd7d,A,4,12,12,36,3,1,16-QAM,cui_crlb,detection_nmse,0.012108332389854747,0.036324997169564242,,3,,,ok,,,20260818,0.18928720334405799,3.9810717055349722,50
cui_fig5_smoke,c0e9dc88d0cfa56fdb0f949681a1078c11cb4a9f098a448ff22e44596c40dd7d,A,5,-5,12,36,3,1,16-QAM,biased_gs,detection_nmse,2.5874906386719165,7.76247191601575,,3,,,ok,,,20260818,9.4868329805051381,3.9810717055349722,50
cui_fig5_smoke,c0e9dc88d0cfa56fdb0f949681a1078c11cb4a9f098a448ff22e44596c40dd7d,A,5,-5,12,36,3,1,16-QAM,em_gs,detection_nmse,1.9558474940541721,5.8675424821625164,,3,,,ok,,,20260818,9.4868329805051381,3.9810717055349722,50
cui_fig5_smoke,c0e9dc88d0cfa56fdb0f949681a1078c11cb4a9f098a448ff22e44596c40dd7d,A,5,-5,12,36,3,1,16-QAM,genie_zf,detection_nmse,0.35987806905573833,1.0796342071672149,,3,,,ok,,,20260818,9.4868329805051381,3.9810717055349722,50
cui_fig5_smoke,c0e9dc88d0cfa56fdb0f949681a1078c11cb4a9f098a448ff22e44596c40dd7d,A,5,-5,12,36,3,1,16-QAM,cui_crlb,detection_nmse,0.87084419248749567,2.612532577462487,,3,,,ok,,,20260818,9.4868329805051381,3.9810717055349722,50
cui_fig5_smoke,c0e9dc88d0cfa56fdb0f949681a1078c11cb4a9f098a448ff22e44596c40dd7d,A,5,0,12,36,3,1,16-QAM,biased_gs,detection_nmse,0.60234529020208327,1.8070358706062497,,3,,,ok,,,20260818,3,3.9810717055349722,50
cui_fig5_smoke,c0e9dc88d0cfa56fdb0f949681a1078c11cb4a9f098a448ff22e44596c40dd7d,A,5,0,12,36,3,1,16-QAM,em_gs,detection_nmse,0.54269497518033327,1.6280849255409997,,3,,,ok,,,20260818,3,3.9810717055349722,50
cui_fig5_smoke,c0e9dc88d0cfa56fdb0f949681a1078c11cb4a9f098a448ff22e44596c40dd7d,A,5,0,12,36,3,1,16-QAM,genie_zf,detection_nmse,0.090417483949659802,0.27125245184897939,,3,,,ok,,,20260818,3,3.9810717055349722,50
cui_fig5_smoke,c0e9dc88d0cfa56fdb0f949681a1078c11cb4a9f098a448ff22e44596c40dd7d,A,5,0,12,36,3,1,16-QAM,cui_crlb,detection_nmse,0.2180066377835983,0.6540199133507949,,3,,,ok,,,20260818,3,3.9810717055349722,50
cui_fig5_smoke,c0e9dc88d0cfa56fdb0f949681a1078c11cb4a9f098a448ff22e44596c40dd7d,A,5,6,12,36,3,1,16-QAM,biased_gs,detection_nmse,0.04840834038101894,0.14522502114305683,,3,,,ok,,,20260818,0.75356592945287404,3.9810717055349718,50
cui_fig5_smoke,c0e9dc88d0cfa56fdb0f949681a1078c11cb4a9f098a448ff22e44596c40dd7d,A,5,6,12,36,3,1,16-QAM,em_gs,detection_nmse,0.038951709502818697,0.11685512850845609,,3,,,ok,,,20260818,0.75356592945287404,3.9810717055349718,50
cui_fig5_smoke,c0e9dc88d0cfa56fdb0f949681a1078c11cb4a9f098a448ff22e44596c40dd7d,A,5,6,12,36,3,1,16-QAM,genie_zf,detection_nmse,0.016693074472581892,0.050079223417745677,,3,,,ok,,,20260818,0.75356592945287404,3.9810717055349718,50
cui_fig5_smoke,c0e9dc88d0cfa56fdb0f949681a1078c11cb4a9f098a448ff22e44596c40dd7d,A,5,6,12,36,3,1,16-QAM,cui_crlb,detection_nmse,0.049091451581388529,0.14727435474416559,,3,,,ok,,,20260818,0.75356592945287404,3.9810717055349718,50
cui_fig5_smoke,c0e9dc88d0cfa56fdb0f949681a1078c11cb4a9f098a448ff22e44596c40dd7d,A,5,12,12,36,3,1,16-QAM,biased_gs,detection_nmse,0.012766777365552838,0.038300332096658514,,3,,,ok,,,20260818,0.18928720334405799,3.9810717055349722,50
cui_fig5_smoke,c0e9dc88d0cfa56fdb0f949681a1078c11cb4a9f098a448ff22e44596c40dd7d,A,5,12,12,36,3,1,16-QAM,em_gs,detection_nmse,0.013416389357987503,0.040249168073962512,,3,,,ok,,,20260818,0.18928720334405799,3.9810717055349722,50
cui_fig5_smoke,c0e9dc88d0cfa56fdb0f949681a1078c11cb4a9f098a448ff22e44596c40dd7d,A,5,12,12,36,3,1,16-QAM,genie_zf,detection_nmse,0.0099859202761494407,0.02995776082844832,,3,,,ok,,,20260818,0.18928720334405799,3.9810717055349722,50
cui_fig5_smoke,c0e9dc88d0cfa56fdb0f949681a1078c11cb4a9f098a448ff22e44596c40dd7d,A,5,12,12,36,3,1,16-QAM,cui_crlb,detection_nmse,0.012187720440933456,0.036563161322800367,,3,,,ok,,,20260818,0.18928720334405799,3.9810717055349722,50
cui_fig5_smoke,c0e9dc88d0cfa56fdb0f949681a1078c11cb4a9f098a448ff22e44596c40dd7d,A,6,-5,12,36,3,1,16-QAM,biased_gs,detection_nmse,1.4387067981204984,4.3161203943614952,,3,,,ok,,,20260818,9.4868329805051381,3.9810717055349727,50
cui_fig5_smoke,c0e9dc88d0cfa56fdb0f949681a1078c11cb4a9f098a448ff22e44596c40dd7d,A,6,-5,12,36,3,1,16-QAM,em_gs,detection_nmse,0.34099263955863734,1.022977918675912,,3,,,ok,,,20260818,9.4868329805051381,3.9810717055349727,50
cui_fig5_smoke,c0e9dc88d0cfa56fdb0f949681a1078c11cb4a9f098a448ff22e44596c40dd7d,A,6,-5,12,36,3,1,16-QAM,genie_zf,detection_nmse,0.50170434103979067,1.5051130231193719,,3,,,ok,,,20260818,9.4868329805051381,3.9810717055349727,50
cui_fig5_smoke,c0e9dc88d0cfa56fdb0f949681a1078c11cb4a9f098a448ff22e44596c40dd7d,A,6,-5,12,36,3,1,16-QAM,cui_crlb,detection_nmse,0.79091210198773354,2.3727363059632007,,3,,,ok,,,20260818,9.4868329805051381,3.9810717055349727,50
cui_fig5_smoke,c0e9dc88d0cfa56fdb0f949681a1078c11cb4a9f098a448ff22e44596c40dd7d,A,6,0,12,36,3,1,16-QAM,biased_gs,detection_nmse,0.37157189200649299,1.114715676019479,,3,,,ok,,,20260818,3,3.9810717055349722,50
cui_fig5_smoke,c0e9dc88d0cfa56fdb0f949681a1078c11cb4a9f098a448ff22e44596c40dd7d,A,6,0,12,36,3,1,16-QAM,em_gs,detection_nmse,0.29710051926373748,0.89130155779121245,,3,,,ok,,,20260818,3,3.9810717055349722,50
cui_fig5_smoke,c0e9dc88d0cfa56fdb0f949681a1078c11cb4a9f098a448ff22e44596c40dd7d,A,6,0,12,36,3,1,16-QAM,genie_zf,detection_nmse,0.23677309989606884,0.71031929968820651,,3,,,ok,,,20260818,3,3.9810717055349722,50
cui_fig5_smoke,c0e9dc88d0cfa56fdb0f949681a1078c11cb4a9f098a448ff22e44596c40dd7d,A,6,0,12,36,3,1,16-QAM,cui_crlb,detection_nmse,0.21279777892845775,0.63839333678537324,,3,,,ok,,,20260818,3,3.9810717055349722,50
cui_fig5_smoke,c0e9dc88d0cfa56fdb0f949681a1078c11cb4a9f098a448ff22e44596c40dd7d,A,6,6,12,36,3,1,16-QAM,biased_gs,detection_nmse,0.069514892004379325,0.20854467601313798,,3,,,ok,,,20260818,0.75356592945287404,3.9810717055349722,50
cui_fig5_smoke,c0e9dc88d0cfa56fdb0f949681a1078c11cb4a9f098a448ff22e44596c40dd7d,A,6,6,12,36,3,1,16-QAM,em_gs,detection_nmse,0.057871422037468055,0.17361426611240416,,3,,,ok,,,20260818,0.75356592945287404,3.9810717055349722,50
cui_fig5_smoke,c0e9dc88d0cfa56fdb0f949681a1078c11cb4a9f098a448ff22e44596c40dd7d,A,6,6,12,36,3,1,16-QAM,genie_zf,detection_nmse,0.0051126781211857071,0.015338034363557122,,3,,,ok,,,20260818,0.75356592945287404,3.9810717055349722,50
cui_fig5_smoke,c0e9dc88d0cfa56fdb0f949681a1078c11cb4a9f098a448ff22e44596c40dd7d,A,6,6,12,36,3,1,16-QAM,cui_crlb,detection_nmse,0.045629215148024066,0.1368876454440722,,3,,,ok,,,20260818,0.75356592945287404,3.9810717055349722,50
cui_fig5_smoke,c0e9dc88d0cfa56fdb0f949681a1078c11cb4a9f098a448ff22e44596c40dd7d,A,6,12,12,36,3,1,16-QAM,biased_gs,detection_nmse,0.0090427069195846872,0.027128120758754062,,3,,,ok,,,20260818,0.18928720334405799,3.9810717055349727,50
cui_fig5_smoke,c0e9dc88d0cfa56fdb0f949681a1078c11cb4a9f098a448ff22e44596c40dd7d,A,6,12,12,36,3,1,16-QAM,em_gs,detection_nmse,0.007433797468697846,0.022301392406093537,,3,,,ok,,,20260818,0.18928720334405799,3.9810717055349727,50
cui_fig5_smoke,c0e9dc88d0cfa56fdb0f949681a1078c11cb4a9f098a448ff22e44596c40dd7d,A,6,12,12,36,3,1,16-QAM,genie_zf,detection_nmse,0.0048970320147572865,0.014691096044271859,,3,,,ok,,,20260818,0.18928720334405799,3.9810717055349727,50
cui_fig5_smoke,c0e9dc88d0cfa56fdb0f949681a1078c11cb4a9f098a448ff22e44596c40dd7d,A,6,12,12,36,3,1,16-QAM,cui_crlb,detection_nmse,0.011081327157647205,0.033243981472941615,,3,,,ok,,,20260818,0.18928720334405799,3.9810717055349727,50
cui_fig5_smoke,c0e9dc88d0cfa56fdb0f949681a1078c11cb4a9f098a448ff22e44596c40dd7d,A,7,-5,12,36,3,1,16-QAM,biased_gs,detection_nmse,1.0694196605911992,3.2082589817735974,,3,,,ok,,,20260818,9.4868329805051381,3.9810717055349722,50
cui_fig5_smoke,c0e9dc88d0cfa56fdb0f949681a1078c11cb4a9f098a448ff22e44596c40dd7d,A,7,-5,12,36,3,1,16-QAM,em_gs,detection_nmse,0.80014173667240807,2.4004252100172243,,3,,,ok,,,20260818,9.4868329805051381,3.9810717055349722,50
cui_fig5_smoke,c0e9dc88d0cfa56fdb0f949681a1078c11cb4a9f098a448ff22e44596c40dd7d,A,7,-5,12,36,3,1,16-QAM,genie_zf,detection_nmse,0.08411704727779272,0.25235114183337815,,3,,,ok,,,20260818,9.4868329805051381,3.9810717055349722,50
cui_fig5_smoke,c0e9dc88d0cfa56fdb0f949681a1078c11cb4a9f098a448ff22e44596c40dd7d,A,7,-5,12,36,3,1,16-QAM,cui_crlb,detection_nmse,0.80109244811562608,2.4032773443468782,,3,,,ok,,,20260818,9.4868329805051381,3.9810717055349722,50
cui_fig5_smoke,c0e9dc88d0cfa56fdb0f949681a1078c11cb4a9f098a448ff22e44596c40dd7d,A,7,0,12,36,3,1,16-QAM,biased_gs,detection_nmse,0.91016181885699809,2.7304854565709942,,3,,,ok,,,20260818,3,3.9810717055349727,50
cui_fig5_smoke,c0e9dc88d0cfa56fdb0f949681a1078c11cb4a9f098a448ff22e44596c40dd7d,A,7,0,12,36,3,1,16-QAM,em_gs,detection_nmse,0.59144682926927639,1.774340487807829,,3,,,ok,,,20260818,3,3.9810717055349727,50
cui_fig5_smoke,c0e9dc88d0cfa56fdb0f949681a1078c11cb4a9f098a448ff22e44596c40dd7d,A,7,0,12,36,3,1,16-QAM,genie_zf,detection_nmse,0.11707098565372247,0.35121295696116739,,3,,,ok,,,20260818,3,3.9810717055349727,50
cui_fig5_smoke,c0e9dc88d0cfa56fdb0f949681a1078c11cb4a9f098a448ff22e44596c40dd7d,A,7,0,12,36,3,1,16-QAM,cui_crlb,detection_nmse,0.21299668962222482,0.63899006886667442,,3,,,ok,,,20260818,3,3.9810717055349727,50
cui_fig5_smoke,c0e9dc88d0cfa56fdb0f949681a1078c11cb4a9f098a448ff22e44596c40dd7d,A,7,6,12,36,3,1,16-QAM,biased_gs,detection_nmse,0.11445917695798051,0.34337753087394152,,3,,,ok,,,20260818,0.75356592945287404,3.9810717055349718,50
cui_fig5_smoke,c0e9dc88d0cfa56fdb0f949681a1078c11cb4a9f098a448ff22e44596c40dd7d,A,7,6,12,36,3,1,16-QAM,em_gs,detection_nmse,0.13026255368007281,0.39078766104021839,,3,,,ok,,,20260818,0.75356592945287404,3.9810717055349718,50
cui_fig5_smoke,c0e9dc88d0cfa56fdb0f949681a1078c11cb4a9f098a448ff22e44596c40dd7d,A,7,6,12,36,3,1,16-QAM,genie_zf,detection_nmse,0.01354555554167472,0.040636666625024159,,3,,,ok,,,20260818,0.75356592945287404,3.9810717055349718,50
cui_fig5_smoke,c0e9dc88d0cfa56fdb0f949681a1078c11cb4a9f098a448ff22e44596c40dd7d,A,7,6,12,36,3,1,16-QAM,cui_crlb,detection_nmse,0.045010334397107755,0.13503100319132327,,3,,,ok,,,20260818,0.75356592945287404,3.9810717055349718,50
cui_fig5_smoke,c0e9dc88d0cfa56fdb0f949681a1078c11cb4a9f098a448ff22e44596c40dd7d,A,7,12,12,36,3,1,16-QAM,biased_gs,detection_nmse,0.0080117505120014549,0.024035251536004363,,3,,,ok,,,20260818,0.18928720334405799,3.9810717055349722,50
cui_fig5_smoke,c0e9dc88d0cfa56fdb0f949681a1078c11cb4a9f098a448ff22e44596c40dd7d,A,7,12,12,36,3,1,16-QAM,em_gs,detection_nmse,0.0068900710996856991,0.020670213299057098,,3,,,ok,,,20260818,0.18928720334405799,3.9810717055349722,50
cui_fig5_smoke,c0e9dc88d0cfa56fdb0f949681a1078c11cb4a9f098a448ff22e44596c40dd7d,A,7,12,12,36,3,1,16-QAM,genie_zf,detection_nmse,0.0035042272351313041,0.010512681705393913,,3,,,ok,,,20260818,0.18928720334405799,3.9810717055349722,50
cui_fig5_smoke,c0e9dc88d0cfa56fdb0f949681a1078c11cb4a9f098a448ff22e44596c40dd7d,A,7,12,12,36,3,1,16-QAM,cui_crlb,detection_nmse,0.012473138658108104,0.037419415974324313,,3,,,ok,,,20260818,0.18928720334405799,3.9810717055349722,50
