algorithm,snr_db,n_ok,n_failed,failure_rate,nmse_db,median_nmse_db,aggregate_minus_median_db,p10_nmse_db,p25_nmse_db,p50_nmse_db,p75_nmse_db,p90_nmse_db,p95_nmse_db,p99_nmse_db,worse_than_zero_rate,top1pct_energy_share,top5pct_energy_share,max_nmse_linear
biased_gs,-5.0,2000,0,0.0,1.9055961918039865,1.1565268051161723,0.7490693866878142,-2.655485278754364,-0.7350615287128816,1.1565268051161723,2.9995973573683403,4.55067031420717,5.323741496744791,6.818035060878876,0.6645,0.03831266718453147,0.1431468344673943,9.421903546076782
biased_gs,-4.0,2000,0,0.0,0.5101027247057546,-0.23574804655824366,0.7458507712639982,-4.250389484090207,-2.257489174196063,-0.23574804655824366,1.5869805469087286,3.1701234877155087,4.186983215078049,6.001752096396603,0.4595,0.041987423398024186,0.15219684000593278,5.834824320686131
biased_gs,-3.0,2000,0,0.0,-0.8070903558035811,-1.7945991723922605,0.9875088165886794,-5.805486456300279,-3.951393486463029,-1.7945991723922605,0.20489794713357956,2.0090959141159184,2.987507293450262,5.017762199034923,0.274,0.048714757143223264,0.16404453053317805,9.520216156847093
biased_gs,-2.0,2000,0,0.0,-2.123972493160355,-3.2037566183425046,1.0797841251821496,-7.194449138434688,-5.2286121249710105,-3.2037566183425046,-1.0997378999447103,0.7552969459944769,1.8256719113072182,3.8343323146844983,0.1495,0.05110141007719984,0.17130286054571556,4.316367420890008
biased_gs,-1.0,2000,0,0.0,-3.5978914560135205,-4.6018388384773985,1.003947382463878,-8.543074410865879,-6.555585726711227,-4.6018388384773985,-2.4832221939334262,-0.760402193140536,0.2059609693690699,2.1377926240429272,0.0595,0.04983541573259656,0.1632208635967455,4.3934572986330584
biased_gs,0.0,2000,0,0.0,-4.807900925419142,-5.705260562943356,0.8973596375242137,-9.811972098864729,-7.7699350389494555,-5.705260562943356,-3.8508974789221946,-2.152698150943293,-0.8868286417034215,1.2628327844486527,0.023,0.05225261201873232,0.16869384738220597,4.406451556418947
biased_gs,1.0,2000,0,0.0,-6.108561610437864,-6.920446803628733,0.8118851931908697,-11.28702281208124,-9.129580213511261,-6.920446803628733,-5.0714129120910965,-3.2797191481493657,-2.3169462668377347,-0.5550486483501716,0.0045,0.04355313863944242,0.15851690586406778,1.4986685955828023
biased_gs,2.0,2000,0,0.0,-7.411610159886712,-8.349712872667167,0.9381027127804549,-12.18915051739062,-10.40956005143813,-8.349712872667167,-6.31980124100453,-4.5955570587951335,-3.604659165720792,-1.8097673921979296,0.0005,0.045539355043134756,0.16127564802434674,1.3920254627703594
biased_gs,3.0,2000,0,0.0,-8.709248451130957,-9.565634718196412,0.8563862670654547,-13.593767902225684,-11.683969672406697,-9.565634718196412,-7.727534062066656,-6.013972563406345,-4.940535534401256,-3.1572693060916412,0.0005,0.05085662454103481,0.1638545400907669,1.7127026251214803
biased_gs,4.0,2000,0,0.0,-9.881981999744344,-10.676825648456935,0.7948436487125914,-14.797207471005338,-12.846409569903997,-10.676825648456935,-8.810700514468559,-7.215045329723976,-6.153147135472164,-4.254840118644765,0.0,0.04371795347006516,0.15652579255093843,0.7070076441766476
biased_gs,5.0,2000,0,0.0,-11.00290859914412,-11.789896012510335,0.786987413366214,-15.79027398015124,-13.768159379232008,-11.789896012510335,-9.859286053587521,-8.269063318221328,-7.5199152614531295,-5.93664876945632,0.0,0.04216832849781131,0.14751631565227624,0.5563806552593248
biased_gs,6.0,2000,0,0.0,-12.241835792040794,-12.892223647863112,0.6503878558223182,-17.037065812661826,-14.893068716387138,-12.892223647863112,-11.163443296159679,-9.58755088024746,-8.869426291617795,-7.516755083256427,0.0,0.04293934183030176,0.14335557457837603,0.5613138779535987
biased_gs,7.0,2000,0,0.0,-13.37983335763316,-14.123855494882513,0.7440221372493525,-18.23052227028699,-16.163186837001884,-14.123855494882513,-12.28431751372446,-10.720673241310031,-9.729364458015063,-8.13423506446343,0.0,0.04107668176293576,0.14942111543368375,0.2860916654206029
biased_gs,8.0,2000,0,0.0,-14.429153102692691,-15.070022846033538,0.640869743340847,-18.959822282498273,-17.11878092960975,-15.070022846033538,-13.268364070146069,-11.797621830229891,-10.971256758104591,-9.499167402464701,0.0,0.03925501032984637,0.14221892160446106,0.2163928581683335
biased_gs,9.0,2000,0,0.0,-15.526177904573517,-16.207315691675305,0.6811377871017879,-20.352973164190487,-18.28846633365851,-16.207315691675305,-14.373979232483565,-12.879353982361636,-11.931061353611664,-10.447797129921732,0.0,0.0369808188260322,0.14325539232513113,0.1370296298530224
biased_gs,10.0,2000,0,0.0,-16.54393581767068,-17.26919135419272,0.7252555365220417,-21.584471419879442,-19.33678121750079,-17.26919135419272,-15.37011059448296,-13.815390671200294,-12.989761759131614,-11.583136427935965,0.0,0.040670646255807845,0.14634630460596865,0.13288426441778056
biased_gs,11.0,2000,0,0.0,-17.679265250205155,-18.383270833319592,0.7040055831144372,-22.618912894716907,-20.438461702242186,-18.383270833319592,-16.483472110780035,-14.874722754550247,-14.156124987331681,-12.675552962765567,0.0,0.038004142361602364,0.14062872807716567,0.10223020906094367
biased_gs,12.0,2000,0,0.0,-18.64853385291967,-19.37557897215091,0.7270451192312422,-23.500286824819547,-21.41180912110243,-19.37557897215091,-17.551842599133614,-15.962918533339652,-15.151925676144272,-13.381020618625122,0.0,0.040282204483358265,0.1468533374168527,0.07245538658261608
cui_crlb,-5.0,2000,0,0.0,-1.0631720040530104,-1.0951223396348786,0.03195033558186822,-1.4268015578108564,-1.2881931896597307,-1.0951223396348786,-0.8955773563304176,-0.6868525277096016,-0.5460362260705134,-0.2390656367729467,0.003,0.012582296785007616,0.058959229735699545,1.1052053279156093
cui_crlb,-4.0,2000,0,0.0,-2.2803804175642695,-2.3246757844951715,0.04429536693090208,-2.629728339699677,-2.5019709138391804,-2.3246757844951715,-2.103202672683039,-1.9073177930882688,-1.772302895877442,-1.5243464870645447,0.0,0.01229091850917325,0.058280097212651955,0.7862929317072679
cui_crlb,-3.0,2000,0,0.0,-3.4753917606897256,-3.5180216798595993,0.0426299191698738,-3.8150523026989447,-3.6850155936886475,-3.5180216798595993,-3.311580789218293,-3.1312792234041202,-2.9972059104934172,-2.693096327126891,0.0,0.012444285974232543,0.05827561295539284,0.6377451175616032
cui_crlb,-2.0,2000,0,0.0,-4.639474968714144,-4.672482687002258,0.033007718288113885,-4.949193453969244,-4.8306387229734895,-4.672482687002258,-4.497952146995375,-4.3085723060118175,-4.1949573905514805,-3.945161928586247,0.0,0.011978675869603076,0.05728872957759644,0.4416561598444859
cui_crlb,-1.0,2000,0,0.0,-5.77864080645213,-5.8056007979344955,0.026959991482365275,-6.070766366300396,-5.956690162732166,-5.8056007979344955,-5.640320797499565,-5.482589469659416,-5.353344515911102,-5.1509287808746524,0.0,0.011987991124134432,0.05697936714618765,0.346384311879849
cui_crlb,0.0,2000,0,0.0,-6.887251198977568,-6.9229040225948415,0.03565282361727373,-7.16354250211952,-7.063322103458026,-6.9229040225948415,-6.759149267842481,-6.580889293893362,-6.460763217322069,-6.192690910038552,0.0,0.01213017397540582,0.05743423036091235,0.26922706023367143
cui_crlb,1.0,2000,0,0.0,-7.998735816266174,-8.026321146672844,0.027585330406670217,-8.255846286753602,-8.156704618630283,-8.026321146672844,-7.885343428126172,-7.727855863004996,-7.603267184364774,-7.390934796319522,0.0,0.011953536102933088,0.056644362715689664,0.20197919141116882
cui_crlb,2.0,2000,0,0.0,-9.075305318575733,-9.105800987617803,0.030495669042069906,-9.324559470362832,-9.226232670925578,-9.105800987617803,-8.966230593484617,-8.802212691726881,-8.712163973028078,-8.482800248083038,0.0,0.011704082590629607,0.0560236023467848,0.15002662590707425
cui_crlb,3.0,2000,0,0.0,-10.151224453643302,-10.188065625773724,0.036841172130422706,-10.392236393097527,-10.305622161425134,-10.188065625773724,-10.037748365770923,-9.889845006895865,-9.783061567380239,-9.552277476068697,0.0,0.011754623254826459,0.056126818593641596,0.1247363674082621
cui_crlb,4.0,2000,0,0.0,-11.226360687300971,-11.254804987072697,0.028444299771726023,-11.445787238125929,-11.361801462904623,-11.254804987072697,-11.126733075964088,-10.98076963512397,-10.893344979873847,-10.710570601880253,0.0,0.01156058204723045,0.05547699246709431,0.09180017172860805
cui_crlb,5.0,2000,0,0.0,-12.274478946974156,-12.305881544521696,0.03140259754754027,-12.484032136762979,-12.407706969480598,-12.305881544521696,-12.172468064591742,-12.03049088420392,-11.945378868929096,-11.758890563833486,0.0,0.011556159500370762,0.055347449067829686,0.07338349584248975
cui_crlb,6.0,2000,0,0.0,-13.316403319929588,-13.34539455610284,0.028991236173252943,-13.52637036160862,-13.44880987813648,-13.34539455610284,-13.22151619362877,-13.08566229595469,-13.005405697134302,-12.782718808763828,0.0,0.011668063567885701,0.0555361343417327,0.06299608594185255
cui_crlb,7.0,2000,0,0.0,-14.346991194305021,-14.373070436838622,0.026079242533601388,-14.546377784356725,-14.475589298577846,-14.373070436838622,-14.258839017050807,-14.123954382924609,-14.020456587966198,-13.874240234111962,0.0,0.01145796982034992,0.05519128429384039,0.04585008188483983
cui_crlb,8.0,2000,0,0.0,-15.378851082605344,-15.40992697740207,0.0310758947967269,-15.571217007938266,-15.50196265586564,-15.40992697740207,-15.291920510503633,-15.16281980258222,-15.076672093664715,-14.833462913033909,0.0,0.01157854238352606,0.055357809732640276,0.03532619297663126
cui_crlb,9.0,2000,0,0.0,-16.40580912736171,-16.436744420981995,0.03093529362028491,-16.587053036480267,-16.521596053585803,-16.436744420981995,-16.321332791369656,-16.192713729849185,-16.114776695898843,-15.942652468872122,0.0,0.011332412780027785,0.05483553502357437,0.027199904702382035
cui_crlb,10.0,2000,0,0.0,-17.418709184651867,-17.450918937523063,0.03220975287119643,-17.607025569700316,-17.547760869238463,-17.450918937523063,-17.33359483246234,-17.19615792796351,-17.09423483452689,-16.89831187079908,0.0,0.011468891412772148,0.05537172026833467,0.021353386257642114
cui_crlb,11.0,2000,0,0.0,-18.440014216056213,-18.472316624238466,0.03230240818225383,-18.625309352368134,-18.562115033859524,-18.472316624238466,-18.3522885839225,-18.224494659195255,-18.127721703966603,-17.9728877892448,0.0,0.011381891165151854,0.05499232493276568,0.01736378932497945
cui_crlb,12.0,2000,0,0.0,-19.451289615019476,-19.48516430222784,0.03387468720836395,-19.633483029202306,-19.575481941015298,-19.48516430222784,-19.367328998232875,-19.24038606221889,-19.148188445005857,-18.915223827732348,0.0,0.011687761285498657,0.0553554350791524,0.014459881692262415
em_gs,-5.0,2000,0,0.0,-0.4385134312412369,-1.2958318819866366,0.8573184507453997,-5.55660132309992,-3.360203511523795,-1.2958318819866366,0.6365023284255633,2.224455998263397,3.3569070345454497,5.287509750143306,0.3225,0.045415612257850214,0.1618925922978525,5.835264479293877
em_gs,-4.0,2000,0,0.0,-1.5148680697029269,-2.491059425521811,0.9761913558188842,-6.667488720340989,-4.568546360314606,-2.491059425521811,-0.5560093012065835,1.3530158442261428,2.3745951219569266,4.498178536891903,0.201,0.04798287347175044,0.16819341376199334,5.387049515059677
em_gs,-3.0,2000,0,0.0,-2.5764946334356353,-3.632964028413151,1.0564693949775155,-7.786505382156813,-5.718304188064602,-3.632964028413151,-1.6407399252189514,0.3561390033634344,1.3763788375270902,3.450151333378346,0.122,0.0540211543919868,0.174437983960837,8.543955403065516
em_gs,-2.0,2000,0,0.0,-3.7651411677587,-4.752424281724824,0.9872831139661242,-8.918381831140788,-6.925931410393638,-4.752424281724824,-2.825820433616472,-0.9507536519628129,0.146756499054749,2.3000863859021967,0.053,0.05525477329493768,0.17541618155346606,3.415008922457238
em_gs,-1.0,2000,0,0.0,-5.015733247821559,-5.979522678731644,0.9637894309100847,-10.154546225728716,-8.008748999262064,-5.979522678731644,-3.960822946264186,-2.196976418470741,-1.2306814143215168,0.7648394559221293,0.0195,0.05012364578844152,0.16489480777708507,2.7341508631291416
em_gs,0.0,2000,0,0.0,-5.973724610845408,-6.79340635819074,0.8196817473453324,-10.958398000259164,-8.964454842307198,-6.79340635819074,-4.9068160562650895,-3.258584941286806,-2.248860384552211,-0.47730463661239425,0.0075,0.05098259847522945,0.16126662178101825,3.7640465104153926
em_gs,1.0,2000,0,0.0,-7.135184865951746,-7.929325996058804,0.7941411301070582,-12.15728754107609,-9.952664454426596,-7.929325996058804,-6.002506637492423,-4.355424069367913,-3.4240662134324835,-1.8766923044933996,0.0005,0.039717412689352215,0.14871529084643498,1.0215179067894427
em_gs,2.0,2000,0,0.0,-8.267323609302785,-9.136728223472776,0.8694046141699907,-12.94817430087874,-11.112065241397444,-9.136728223472776,-7.163715004797135,-5.466962491106354,-4.559340305203012,-2.8618972491299566,0.0005,0.04274745790722224,0.15345863389996592,1.0493766561725257
em_gs,3.0,2000,0,0.0,-9.425159753318997,-10.205355582274269,0.7801958289552715,-14.294948266241708,-12.246653154301763,-10.205355582274269,-8.36445144659179,-6.671477907172642,-5.807204423347584,-3.945968040360661,0.0,0.04565581999500785,0.15455123914933647,0.7696855475417999
em_gs,4.0,2000,0,0.0,-10.463315857745341,-11.213079326553386,0.7497634688080446,-15.17433368063151,-13.23184279521659,-11.213079326553386,-9.315831546890264,-7.782098477836036,-6.796897651893929,-5.34157212113065,0.0,0.03997618790863683,0.14769947388268012,0.6139394708522794
em_gs,5.0,2000,0,0.0,-11.425156147103149,-12.133197065874166,0.708040918771017,-15.947292213548078,-14.147300559179353,-12.133197065874166,-10.333126299497955,-8.785276366171043,-7.972857579117854,-6.373044031660533,0.0,0.041068985173679254,0.14473996571265077,0.4591759919528026
em_gs,6.0,2000,0,0.0,-12.597574262513874,-13.21935893778443,0.6217846752705558,-17.30799317559726,-15.293329735931838,-13.21935893778443,-11.480679966233554,-9.947267852968846,-9.273237407802066,-7.861797199781158,0.0,0.04396218476660362,0.14348837039803966,0.45926166107288946
em_gs,7.0,2000,0,0.0,-13.651927336766672,-14.374462198250713,0.722534861484041,-18.42934230483695,-16.45933443577588,-14.374462198250713,-12.533787404200654,-10.93083902396476,-10.109120714097804,-8.314354435674828,0.0,0.040892608700205786,0.14644995734357366,0.23685249864734217
em_gs,8.0,2000,0,0.0,-14.697155223217287,-15.343316570831536,0.6461613476142496,-19.282164459975448,-17.40042721689311,-15.343316570831536,-13.52468555984844,-12.107050741146939,-11.268390925889804,-9.721697265235475,0.0,0.03898203291769835,0.1401781374081828,0.21492786491540392
em_gs,9.0,2000,0,0.0,-15.730561188969599,-16.399940622233988,0.669379433264389,-20.529221524198327,-18.509684224503612,-16.399940622233988,-14.613232944344785,-13.041654150375667,-12.174023881535055,-10.629493273768862,0.0,0.037344560299736144,0.14350918055981987,0.11937751519444302
em_gs,10.0,2000,0,0.0,-16.689593144686754,-17.36342255755346,0.6738294128667057,-21.645848120472444,-19.531795579539686,-17.36342255755346,-15.566973322436402,-13.945758081024483,-13.131291951766038,-11.749028644051855,0.0,0.040378263154284964,0.14603668262466712,0.12345944038204722
em_gs,11.0,2000,0,0.0,-17.7855524097714,-18.46995476408085,0.684402354309448,-22.632887390136844,-20.570086087983604,-18.46995476408085,-16.644877188679594,-15.048298283858411,-14.293478425129605,-12.680996821191181,0.0,0.03705448832606752,0.140533365733928,0.10067283843239976
em_gs,12.0,2000,0,0.0,-18.74499068753751,-19.4921014303209,0.7471107427833914,-23.559328631124043,-21.52495523535054,-19.4921014303209,-17.61784134123659,-16.046497061956778,-15.196010703009698,-13.470055501715825,0.0,0.040005487870952844,0.14582525735693383,0.08097545433569218
genie_zf,-5.0,2000,0,0.0,-5.515976145304549,-6.071979032283666,0.5560028869791172,-9.829760758572007,-8.01114893164464,-6.071979032283666,-4.246710112907932,-2.9830217420464993,-2.2913530664264936,-0.995600633021963,0.0025,0.03381857907999954,0.1278539056488109,1.5065154307862259
genie_zf,-4.0,2000,0,0.0,-6.54738605091527,-7.027606880236066,0.4802208293207961,-11.239302437661514,-9.134625188635935,-7.027606880236066,-5.353084260908155,-3.9818954939058813,-3.274765040892072,-2.212143530830338,0.0005,0.033104872249926726,0.12796625208620485,1.180530572324657
genie_zf,-3.0,2000,0,0.0,-7.508925541270432,-8.071377627153257,0.5624520858828257,-12.234704705223265,-10.002599475308855,-8.071377627153257,-6.27280902490145,-4.923325758606031,-4.262390424752302,-2.978331792181991,0.0,0.03227395307095502,0.1272519063737258,0.693041730147686
genie_zf,-2.0,2000,0,0.0,-8.629165939936007,-9.107480366871476,0.47831442693546933,-13.029626819070096,-11.064721720712495,-9.107480366871476,-7.504555962528601,-6.1657272248871156,-5.354335826808525,-4.1243864632459655,0.0,0.034246454793766846,0.12993286984158745,0.6752966487053064
genie_zf,-1.0,2000,0,0.0,-9.48918615797852,-10.07868364213331,0.5894974841547906,-14.065907398399801,-11.981859406720138,-10.07868364213331,-8.340167659344877,-6.859209620535402,-6.154004137314172,-4.747410566176578,0.0,0.03415910506782192,0.13184599205149788,0.5583171850165533
genie_zf,0.0,2000,0,0.0,-10.47087746826013,-11.021019009866526,0.5501415416063953,-14.93902658546416,-12.853953514892691,-11.021019009866526,-9.344273098787845,-7.931041353499767,-7.16641032738949,-5.9280292666626995,0.0,0.03220554627008838,0.1305940838541437,0.349336508996916
genie_zf,1.0,2000,0,0.0,-11.44774553673191,-12.023032020928655,0.5752864841967451,-15.799749012528137,-13.872612307385472,-12.023032020928655,-10.28049048310254,-8.96548347801921,-8.166224273321399,-6.762944383945232,0.0,0.03290761454073257,0.12902884112597637,0.30209733991169413
genie_zf,2.0,2000,0,0.0,-12.533565831048797,-13.088773629773272,0.5552077987244743,-17.072897328135724,-14.97830013288165,-13.088773629773272,-11.35824229422838,-10.035434505357351,-9.309944848809277,-7.8430220790891365,0.0,0.034057753214829824,0.1303008425170915,0.22526009866928454
genie_zf,3.0,2000,0,0.0,-13.605164819978281,-14.219685954076022,0.6145211340977408,-17.80225135736795,-15.957710540895063,-14.219685954076022,-12.49382224495412,-11.120311571500114,-10.268508394769512,-8.899516577380982,0.0,0.033171707075866176,0.13078104341134178,0.21112864373532134
genie_zf,4.0,2000,0,0.0,-14.599693251529018,-15.170936179968864,0.5712429284398457,-18.889833581514445,-16.941694901541446,-15.170936179968864,-13.446391073340113,-11.98592312365033,-11.327875377552774,-10.012108675188935,0.0,0.03228481009854395,0.12763750301924257,0.1373098914822034
genie_zf,5.0,2000,0,0.0,-15.440323931563583,-16.022547185597166,0.5822232540335825,-19.825472598030306,-17.838679137457643,-16.022547185597166,-14.288214846458168,-12.909420530614051,-12.103814253524654,-10.756470702458902,0.0,0.034786072268060526,0.13200022507776227,0.1320166853137745
genie_zf,6.0,2000,0,0.0,-16.461457029008976,-17.038096817081318,0.5766397880723417,-20.966877221155947,-18.951662295807413,-17.038096817081318,-15.305831149248965,-13.874713439876295,-13.12550881529555,-11.92211183460927,0.0,0.0340808101159347,0.13052118090555326,0.11886353424451579
genie_zf,7.0,2000,0,0.0,-17.554608316032983,-18.153820606022975,0.5992122899899925,-22.0931377392917,-20.111436682213256,-18.153820606022975,-16.432547126436315,-14.995860872486977,-14.081915193729955,-12.752742521614962,0.0,0.03551733396869741,0.13721811967017103,0.07973139195497866
genie_zf,8.0,2000,0,0.0,-18.523449959718302,-19.074220966246198,0.5507710065278957,-22.897676430154625,-21.022005900031246,-19.074220966246198,-17.332222334212688,-16.019019347519556,-15.284358327007421,-14.054697381059187,0.0,0.03441447034377542,0.13128607433026018,0.07833173055153354
genie_zf,9.0,2000,0,0.0,-19.573053109217046,-20.101126269501165,0.5280731602841193,-23.806894826698716,-22.00656188139653,-20.101126269501165,-18.433503232402174,-17.098768732220208,-16.255357157269913,-14.995934549507721,0.0,0.03189974045334783,0.12877563771280237,0.042654550574098865
genie_zf,10.0,2000,0,0.0,-20.59076703796957,-21.156398807420672,0.5656317694511017,-25.212619127959037,-23.06873476063671,-21.156398807420672,-19.427086364447344,-17.982833813196134,-17.17451304339323,-16.07856249031945,0.0,0.03248039941076676,0.1301036535569044,0.03542351729056852
genie_zf,11.0,2000,0,0.0,-21.587906212795914,-22.1086504857226,0.5207442729266845,-26.20213118395407,-23.99231197820026,-22.1086504857226,-20.4267231697448,-18.993042213762166,-18.321894573204894,-17.170237589161246,0.0,0.03213892967488122,0.12782277066151151,0.030810997573582754
genie_zf,12.0,2000,0,0.0,-22.41000960479517,-22.915708222244824,0.5056986174496529,-26.91530010527501,-24.96961088075334,-22.915708222244824,-21.310643663254204,-19.829066552645934,-19.168215448264156,-17.70140243144642,0.0,0.0353590285672136,0.13302357965382994,0.03095392830395356
